{"cameraTarget":[1.6,0,2.5,0.95],"color_0":[200,70,70,0],"color_1":[44,44,80,0],"gradient_line":-0.6162112196647964,"gradient_rotation":-2,"viewInside":1,"tessaractSize":[7.69,0.73,9,10],"tessaractPosition":[0,-3,0,1],"sphere_color":[255,0,0],"sphere_radius":0,"camera":{"position":{"x":4.28,"y":0,"z":2.5,"w":1},"target":[1.6,0,2.5,0.95],"rotation":{"0":-0.5245893597602844,"1":0,"2":-0.8513553738594055,"3":0,"4":-0.21674823760986328,"5":0.9670485854148865,"6":0.13355623185634613,"7":0,"8":0.8233019709587097,"9":0.2545919716358185,"10":-0.5073034167289734,"11":0,"12":0,"13":0,"14":0,"15":1},"shaderPosition":{"0":-0.18698742985725403,"1":0.636479914188385,"2":-4.912059307098389,"3":1},"mousePos":{"x":4.16015625,"y":0.25742574257425743}}}