{"cameraTarget":[1.6,0,1.6,0.5],"color_0":[147,77,118,0],"color_1":[45,32,95,0],"gradient_line":0.5307421467512621,"gradient_rotation":1.5026202036625467,"viewInside":-1,"tessaractSize":[0.06,1.11,9,1],"tessaractPosition":[0,-3,0,1],"sphere_color":[255,0,0],"sphere_radius":0.6484703264312172,"camera":{"position":{"x":4.28,"y":0,"z":-3.355785388810135,"w":1},"target":[1.6,0,1.6,0.5],"rotation":{"0":-0.9298496246337891,"1":0,"2":-0.3679397404193878,"3":0,"4":0,"5":1,"6":0,"7":0,"8":0.3679397404193878,"9":0,"10":-0.9298496246337891,"11":0,"12":0,"13":0,"14":0,"15":1},"shaderPosition":{"0":-5.214483261108398,"1":0,"2":1.5455936193466187,"3":1},"mousePos":{"x":0,"y":0}}}